{"cameraMode":{"drawMode":0,"name":"Shaded","section":"Shading Mode"},"sceneLighting":false,"audioPlay":false,"sceneViewState":{"showFog":true,"showMaterialUpdate":false,"showSkybox":false,"showFlares":true,"showImageEffects":true,"showParticleSystems":true},"in2DMode":false,"pivot":{"x":0.10000000894069672,"y":0.5,"z":-5.650000095367432},"rotation":{"x":-0.08899356424808502,"y":0.28452250361442568,"z":-0.026536904275417329,"w":-0.9541614651679993},"size":2.362555980682373,"orthographic":true}